{
  "id": "5cbd09f6-9bc5-44a4-9526-9a8705e3a530",
  "prevId": "bf5d8d40-7996-4d1a-9865-107be034e903",
  "version": "7",
  "dialect": "postgresql",
  "tables": {
    "public.links": {
      "name": "links",
      "schema": "",
      "columns": {
        "id": {
          "name": "id",
          "type": "uuid",
          "primaryKey": true,
          "notNull": true
        },
        "url": {
          "name": "url",
          "type": "text",
          "primaryKey": false,
          "notNull": true
        },
        "legenda": {
          "name": "legenda",
          "type": "text",
          "primaryKey": false,
          "notNull": false
        },
        "codigo": {
          "name": "codigo",
          "type": "text",
          "primaryKey": false,
          "notNull": true
        }
      },
      "indexes": {},
      "foreignKeys": {},
      "compositePrimaryKeys": {},
      "uniqueConstraints": {
        "links_url_unique": {
          "name": "links_url_unique",
          "nullsNotDistinct": false,
          "columns": [
            "url"
          ]
        },
        "links_legenda_unique": {
          "name": "links_legenda_unique",
          "nullsNotDistinct": false,
          "columns": [
            "legenda"
          ]
        }
      },
      "policies": {},
      "checkConstraints": {},
      "isRLSEnabled": false
    }
  },
  "enums": {},
  "schemas": {},
  "sequences": {},
  "roles": {},
  "policies": {},
  "views": {},
  "_meta": {
    "columns": {},
    "schemas": {},
    "tables": {}
  }
}