{
  "id": "dceeac31-7799-4284-b127-649d37cd8743",
  "prevId": "5cbd09f6-9bc5-44a4-9526-9a8705e3a530",
  "version": "7",
  "dialect": "postgresql",
  "tables": {
    "public.links": {
      "name": "links",
      "schema": "",
      "columns": {
        "id": {
          "name": "id",
          "type": "uuid",
          "primaryKey": true,
          "notNull": true
        },
        "url": {
          "name": "url",
          "type": "text",
          "primaryKey": false,
          "notNull": true
        },
        "legenda": {
          "name": "legenda",
          "type": "text",
          "primaryKey": false,
          "notNull": false
        },
        "codigo": {
          "name": "codigo",
          "type": "text",
          "primaryKey": false,
          "notNull": true
        },
        "clicks": {
          "name": "clicks",
          "type": "integer",
          "primaryKey": false,
          "notNull": true,
          "default": 0
        },
        "created_at": {
          "name": "created_at",
          "type": "timestamp",
          "primaryKey": false,
          "notNull": true,
          "default": "now()"
        }
      },
      "indexes": {},
      "foreignKeys": {},
      "compositePrimaryKeys": {},
      "uniqueConstraints": {
        "links_url_unique": {
          "name": "links_url_unique",
          "nullsNotDistinct": false,
          "columns": [
            "url"
          ]
        },
        "links_codigo_unique": {
          "name": "links_codigo_unique",
          "nullsNotDistinct": false,
          "columns": [
            "codigo"
          ]
        }
      },
      "policies": {},
      "checkConstraints": {},
      "isRLSEnabled": false
    }
  },
  "enums": {},
  "schemas": {},
  "sequences": {},
  "roles": {},
  "policies": {},
  "views": {},
  "_meta": {
    "columns": {},
    "schemas": {},
    "tables": {}
  }
}