{
  "version": "7",
  "dialect": "postgresql",
  "entries": [
    {
      "idx": 0,
      "version": "7",
      "when": 1758724543171,
      "tag": "0000_mature_giant_man",
      "breakpoints": true
    },
    {
      "idx": 1,
      "version": "7",
      "when": 1758724682135,
      "tag": "0001_heavy_secret_warriors",
      "breakpoints": true
    },
    {
      "idx": 2,
      "version": "7",
      "when": 1758724747370,
      "tag": "0002_nappy_blizzard",
      "breakpoints": true
    },
    {
      "idx": 3,
      "version": "7",
      "when": 1759926724609,
      "tag": "0003_slim_fallen_one",
      "breakpoints": true
    },
    {
      "idx": 4,
      "version": "7",
      "when": 1760302780249,
      "tag": "0004_add-created-at",
      "breakpoints": true
    }
  ]
}